sp_0_avila-tr.csv,sp_0_avila-ts.csv,sp_0_connect-4.csv
179.90219116210946,165.3711700439453,4.936795711517335
0.000987105304375291,0.0009876278927549718,0.0009912912501022224
rbf,rbf,rbf
