sp_0_1.csv,sp_0_10.csv,sp_0_11.csv,sp_0_12.csv,sp_0_2.csv,sp_0_3.csv,sp_0_4.csv,sp_0_5.csv,sp_0_6.csv,sp_0_7.csv,sp_0_8.csv,sp_0_9.csv,sp_0_Features_Variant_1.csv,sp_0_Features_Variant_2.csv,sp_0_Features_Variant_3.csv
3.5125474492304947,1.3839268743799564,3.3636269609925282,10.374843823753382,0.8409067402481321,0.5221433023011955,1.1892217167498578,2.593710955938345,5.417088700962319,2.0000245571136475,3.7483812923681854,1.6457756856561212,0.21022668506203304,143.825439453125,75.97124554390383
0.13509771058670356,0.6519234894346727,1.0253568788716785,0.5843472156163715,0.3256735966644838,0.009790059452007107,0.4650288227386338,0.07019376754760741,1.049053540903809,0.009590500965714458,1.1313234502378295,0.009590168483555313,1.0934197900624667,1.1334981182094572,0.7380593497453073
