sp_0_S04R01.csv,sp_0_S05R01.csv,sp_0_S05R02.csv,sp_0_S10R01.csv,sp_0_Sensorless_drive_diagnosis.csv,sp_0_spambase.csv,sp_1_connect-4_modified1_sampling.csv,sp_1_connect-4_modified2_sampling.csv,sp_1_covtype.csv
1.3925743103027344,0.5817313194274902,1.7858110666275024,2.895798921585083,74.94610554475408,140.3315124511719,4.429081439971925,2.4917032718658447,2.132857084274292
0.0009794076904654499,0.0009946509962901469,0.0009848766494542356,0.0009811311028897764,0.0009886637562885876,0.0005890416120244955,0.0009905799524858596,0.0009910216322168712,0.000995088135823607
rbf,rbf,rbf,rbf,rbf,rbf,rbf,rbf,rbf
