,iris1.csv,iris2.csv,sp_0_dota2Train.csv,sp_0_MFCCs.csv,sp_0_mushroom.csv,sp_0_S01R01.csv,zoo1.csv
C,16.707334518432617,16.680339813232422,125.6029052734375,132.7419891357422,137.261474609375,-23025.224609375,17.484176635742188
gamma,1.403942584991455,1.5017668008804321,10.457694053649902,10.139748573303223,12.710409164428711,55944.55078125,-0.12982919812202454
