FileName,SVM_C,SVM_gamma,SVM_kernel
sp_0_S04R01.csv,1.3925743103027344,0.0009794076904654503,rbf
sp_0_S05R01.csv,0.5817313194274902,0.0009946509962901473,rbf
sp_0_S05R02.csv,1.7858110666275024,0.000984876649454236,rbf
sp_0_S10R01.csv,1.4478994607925415,0.0009811311028897762,rbf
sp_0_Sensorless_drive_diagnosis.csv,5.5704026222229,0.000988663756288588,rbf
sp_0_spambase.csv,4.385359764099121,0.0009906459599733353,rbf
sp_1_connect-4_modified1_sampling.csv,2.214540719985962,0.0009905799524858594,rbf
sp_1_connect-4_modified2_sampling.csv,2.4917032718658447,0.0009910216322168708,rbf
sp_1_covtype.csv,2.132857084274292,0.0009950881358236074,rbf
