FileName,ElasticNet_alpha,ElasticNet_l1_ratio
sp_1_blogData_train.csv,1.0001369714736938,0.4650227427482605
sp_1_Folds5x2_pp.csv,0.35628241300582886,0.36984655261039734
sp_1_hour.csv,0.404499351978302,0.10150626301765442
sp_2_7.csv,1.0001369714736938,0.19524076581001282
sp_2_8.csv,1.0001369714736938,0.4036688208580017
sp_2_9.csv,1.0001369714736938,0.3243677020072937
