FileName,SVM_C,SVM_gamma,SVM_kernel
sp_0_avila-tr.csv,5.862120628356934,-5.649468421936035,rbf
sp_0_avila-ts.csv,22.628129959106445,-19.020124435424805,rbf
sp_0_connect-4.csv,6387.845703125,-2895.746826171875,sigmoid
