FileName,ElasticNet_alpha,ElasticNet_l1_ratio
sp_0_S04R01.csv,-1.6438630819320679,0.36861252784729004
sp_0_S05R01.csv,-2.9990077018737793,0.05632239580154419
sp_0_S05R02.csv,-0.9926451444625854,0.4632331132888794
sp_0_S10R01.csv,-1.600363850593567,0.460064172744751
sp_0_Sensorless_drive_diagnosis.csv,4.8020148277282715,0.4631526470184326
sp_0_spambase.csv,2.169732093811035,0.05526326596736908
sp_1_connect-4_modified1_sampling.csv,1.203725814819336,0.4507722854614258
sp_1_connect-4_modified2_sampling.csv,0.6218956708908081,0.43154528737068176
sp_1_covtype.csv,0.3874553442001343,0.4132232666015625
