FileName,SVM_C,SVM_gamma,SVM_kernel
sp_0_avila-tr.csv,5.621943473815918,0.0009871053043752909,rbf
sp_0_avila-ts.csv,5.167849063873291,0.000987627892754972,rbf
sp_0_connect-4.csv,2.468397855758667,0.000991291250102222,rbf
