sp_0_S05R02.csv,sp_0_S06R01.csv,sp_0_S06R02.csv,sp_0_spambase.csv,sp_0_training.csv,sp_0_waveform-5000_0_2.csv
8.859950304031372,12.504069089889526,17.50564956665039,21.404325008392334,24.617182970046997,28.23890972137451
0.002007722854614258,0.0010104179382324219,0.002004861831665039,0.002006053924560547,0.0010056495666503906,0.000997781753540039
8.861958026885986,12.505079507827759,17.507654428482056,21.406331062316895,24.618188619613647,28.23990750312805
