sp_0_avila-tr.csv,sp_0_avila-ts.csv,sp_0_connect-4.csv
18.310108184814453,35.8307409286499,55.5342743396759
