sp_0_S06R01.csv,sp_0_S06R02.csv,sp_0_S07R01.csv,sp_0_training.csv,sp_0_waveform-5000_0_2.csv,sp_0_waveform-5000_1_2.csv
7.991807222366333,11.422070741653442,15.388739585876465,19.17028045654297,23.336522340774536,27.651902198791504
0.0010025501251220703,0.0010023117065429688,0.0010030269622802734,0.0010039806365966797,0.0020415782928466797,0.0019676685333251953
7.992809772491455,11.423073053359985,15.389742612838745,19.171284437179565,23.338563919067383,27.65386986732483
