iris1.csv,iris2.csv,sp_0_dota2Train.csv,sp_0_MFCCs.csv,sp_0_mushroom.csv,sp_0_S01R01.csv,zoo1.csv
1.905064106,1.258890867,1.504246235,1.420193672,1.550595522,1.392399549,1.613534689
1.905064106,1.258890867,1.504246235,1.420193672,1.550595522,1.392399549,1.613534689
1.905064106,1.258890867,1.504246235,1.420193672,1.550595522,1.392399549,1.613534689
