sp_0_avila-tr.csv,sp_0_avila-ts.csv,sp_0_connect-4.csv
6.838239669799805,8.942370891571045,11.269437074661255
