sp_0_S04R01.csv,sp_0_S05R01.csv,sp_0_S05R02.csv,sp_0_S10R01.csv,sp_0_Sensorless_drive_diagnosis.csv,sp_0_spambase.csv,sp_1_connect-4_modified1_sampling.csv,sp_1_connect-4_modified2_sampling.csv,sp_1_covtype.csv
15.270156860351562,21.980237245559692,38.34729194641113,44.17046499252319,51.269238233566284,62.691280126571655,75.56772899627686,89.89508104324341,101.93121719360352
63.752421855926514,41.08144807815552,34.27899932861328,23.236801385879517,91.1577501296997,85.83993363380432,21.40653157234192,21.941696643829346,237.09154987335205
79.02257871627808,63.06168532371521,72.62629127502441,67.40726637840271,142.426988363266,148.53121376037598,96.97426056861877,111.83677768707275,339.02276706695557
