sp_0_1.csv,sp_0_10.csv,sp_0_11.csv,sp_0_12.csv,sp_0_2.csv,sp_0_3.csv,sp_0_4.csv,sp_0_5.csv,sp_0_6.csv,sp_0_7.csv,sp_0_8.csv,sp_0_9.csv,sp_0_Features_Variant_1.csv,sp_0_Features_Variant_2.csv,sp_0_Features_Variant_3.csv
0.4170868396759033,0.00934147834777832,0.008853435516357422,0.00741124153137207,0.007497310638427734,0.007894515991210938,0.008410930633544922,0.007936716079711914,0.008485794067382812,0.008401155471801758,0.008431434631347656,0.007978439331054688,0.008360862731933594,0.008430719375610352,0.00839543342590332
9.855273962020874,7.889841556549072,8.826772451400757,7.271785259246826,6.690597295761108,14.628919124603271,8.712085008621216,6.91083550453186,7.498541593551636,13.451448678970337,8.605079889297485,14.478715419769287,58.59164524078369,7.729990482330322,17.449283361434937
10.272360801696777,7.899183034896851,8.835625886917114,7.279196500778198,6.698094606399536,14.636813640594482,8.72049593925476,6.918772220611572,7.5070273876190186,13.459849834442139,8.613511323928833,14.486693859100342,58.600006103515625,7.738421201705933,17.45767879486084
