sp_0_avila-tr.csv,sp_0_avila-ts.csv,sp_0_connect-4.csv
14.671880722045898,27.574679613113403,55.79111695289612
26.800793170928955,33.907373666763306,34.647215843200684
41.47267389297485,61.48205327987671,90.4383327960968
