,iris1.csv,iris2.csv,zoo1.csv
best_param,"[0.0009765625, 0.0009765625]","[0.5, 0.5]","[4, 0.0625]"
ours_param1,"[16.70733452, 1.403942585]","[16.68033981, 1.501766801]","[17.48417664, 0.0009765625]"
ours_param2,"[16.707334518432614, 1.403942584991455]","[16.680339813232422, 1.501766800880432]","[17.484176635742188, 0.0009765625]"
best_score,1.0,0.97,0.9593149540517961
ours_score1,1.0,0.93,0.771755145439356
ours_score2,1.0,0.93,0.771755145439356
best_time,1.2546160221099854,1.3935317993164062,1.6959407329559326
ours_time,1.905064106,1.258890867,1.613534689
