,best_param,net_param,opt_param,best_score,predicted_score,optimized_score,best_time,ours_time
sp_0_S04R01.csv,"[0.0009765625, 0.0009765625, 'rbf']","[1.3925743103027344, 0.0009794076904654503, 'rbf']","['1.3925743103027344', '0.0009794076904654499', 'rbf']",0.669708951,0.669708951,0.669708951,95.63333511,79.02257872
sp_0_S05R01.csv,"[0.0009765625, 0.0009765625, 'rbf']","[0.5817313194274902, 0.0009946509962901473, 'rbf']","['0.5817313194274902', '0.0009946509962901469', 'rbf']",0.452631248,0.452631248,0.452631248,68.79174995,63.06168532
sp_0_S05R02.csv,"[2, 0.0009765625, 'rbf']","[1.7858110666275024, 0.000984876649454236, 'rbf']","['1.7858110666275024', '0.0009848766494542356', 'rbf']",0.538868324,0.538868324,0.538868324,56.785923,72.62629128
sp_0_S10R01.csv,"[2, 0.0009765625, 'rbf']","[1.4478994607925415, 0.0009811311028897762, 'rbf']","['2.895798921585083', '0.0009811311028897764', 'rbf']",0.736955996,0.733462479,0.736955996,35.39158607,67.40726638
sp_0_Sensorless_drive_diagnosis.csv,"[64, 0.00390625, 'rbf']","[5.5704026222229, 0.000988663756288588, 'rbf']","['74.94610554475408', '0.0009886637562885876', 'rbf']",0.185759065,0.117914888,0.17340915,189.6703274,142.4269884
sp_0_spambase.csv,"[64, 0.0009765625, 'rbf']","[4.385359764099121, 0.000990645959973335, 'rbf']","['140.3315124511719', '0.0005890416120244955', 'rbf']",0.839791508,0.803462652,0.855384182,171.4875796,148.5312138
sp_1_connect-4_modified1_sampling.csv,"[64, 0.03125, 'rbf']","[2.214540719985962, 0.0009905799524858594, 'rbf']","['4.429081439971925', '0.0009905799524858596', 'rbf']",0.872910086,0.694860242,0.699610049,59.38351083,96.97426057
sp_1_connect-4_modified2_sampling.csv,"[32, 0.03125, 'rbf']","[2.4917032718658447, 0.0009910216322168708, 'rbf']","['2.4917032718658447', '0.0009910216322168712', 'rbf']",0.995023292,0.973874224,0.973874224,82.32188964,111.8367777
sp_1_covtype.csv,"[1, 0.0009765625, 'rbf']","[2.132857084274292, 0.0009950881358236074, 'rbf']","['2.132857084274292', '0.000995088135823607', 'rbf']",0.466150861,0.466150861,0.466150861,314.9109929,339.0227671
