,best_param,net_param,opt_param,best_score,predicted_score,optimized_score,best_time,ours_time
sp_1_blogData_train.csv,"[4, 0.5]","[1.0001369714736938, 0.4650227427482605]","[2.9540568579861968, 0.7489146313325988]",0.6778062234925464,0.6761802938420449,0.6781041861847866,30.041446685791016,76.19963717460631
sp_1_Folds5x2_pp.csv,"[0.0625, 0.0625]","[0.3562824130058289, 0.3698465526103973]","[0.07489915097863621, 0.2296484153138344]",0.9306372640369922,0.9305871849071362,0.9306371388288408,1.295375108718872,15.423373699188232
sp_1_hour.csv,"[0.0009765625, 0.03125]","[0.404499351978302, 0.10150626301765442]","[0.0007900377968326206, 0.10600032922151788]",0.9999999999999286,0.999999998126689,0.9999999999998812,7.538343667984009,77.02349877357483
sp_2_7.csv,"[4, 0.015625]","[1.0001369714736938, 0.1952407658100128]","[0.6772205206574574, 0.0061012739315629005]",0.846962550009201,0.8466924280174604,0.8467060543279906,4.229735612869263,27.195661067962646
sp_2_8.csv,"[8, 0.015625]","[1.0001369714736938, 0.4036688208580017]","[6.169688257189773, 0.006307325325906278]",0.8766284455055363,0.8760147111436558,0.8766249740354676,3.6291720867156982,30.32483434677124
sp_2_9.csv,"[4, 0.5]","[1.0001369714736938, 0.3243677020072937]","[3.83093778012458, 0.005068245343863963]",0.8251452815537779,0.8248265685079204,0.8250668583040526,3.922661542892456,35.95812010765076
