,best_param,net_param,opt_param,best_score,predicted_score,optimized_score,best_time,ours_time
sp_0_S05R02.csv,"['tied', 3]","['spherical', 3.0]","['spherical', '3.0']",0.20508705860089488,0.16675196815163795,0.16675196815163795,1.4155030250549316,8.861958026885986
sp_0_S06R01.csv,"['diag', 2]","['diag', 3.0]","['diag', '3.0']",0.21494751815851096,0.08417233442084353,0.08417233442084353,1.7675855159759521,12.505079507827759
sp_0_S06R02.csv,"['tied', 3]","['full', 3.0]","['full', '3.0']",0.5133976372759073,0.47395411478962746,0.47395411478962746,1.5647692680358887,17.507654428482056
sp_0_spambase.csv,"['full', 5]","['full', 3.0]","['full', '3.0']",0.33087624846627234,0.012800644749352491,0.32685052871090253,4.745060920715332,21.40633106231689
sp_0_training.csv,"['tied', 4]","['full', 3.0]","['full', '3.0']",0.15548101422854238,0.2971887156574425,0.0469675918067781,2.807790756225586,24.618188619613647
sp_0_waveform-5000_0_2.csv,"['full', 2]","['full', 3.0]","['full', '3.0']",0.44503597745601964,0.32543254865463306,0.31778144347854914,2.1328284740448,28.23990750312805
