{"mean": [8.362017463235293, 0.2916666666666667], "var": [357.46491979315203, 0.04920789930555555]}