{"mean": [78.90196078431373, 0.46818252801468296, 9.421707591344779, 710.1764705882352, 94.87219883621722, 232792.6657663294, 6469.845853731605, 1578.2783253264104, 103.90577926884858, 232792.6657663294, 6469.845853731605, 1578.2783253264104, 103.90577926884858, -75902.3391642825, -1088.1581178034883, -229.0024758977361, 4.440745601475307, -111364.36637772615, -42355.15809624264, -3782.23759106428, -363.8642017524073, 2530263.7422451805, 55362.02714144459, 12974.762545318745, 599.3662537459093, 0.6502679052341028, 2.1092494773558834, 1.4857000426000984, 0.8326995744230468, 9.421707591344779, 9.421707591344779, 9.421707591344779, 9.421707591344779, 9.421707591344779, 7.091445941956007], "var": [19754.75509419454, 0.05010850072305452, 0.15914998274013029, 28928.49826989619, 2255.797495534297, 598744642318.9685, 357036308.54812336, 27930519.0467771, 38870.271631210366, 598744642318.9685, 357036308.54812336, 27930519.0467771, 38870.271631210366, 68034284801.94805, 24472069.363250874, 658790.1547253333, 5224.535028622191, 111743842091.5766, 21538068923.151924, 169756658.76602015, 715732.3148312763, 74246383874936.05, 29706441100.194912, 1882445101.186135, 1982235.1496653627, 2.6957979113846413, 0.9851939343899038, 2.278518265300404, 0.5472348313931659, 0.15914998274013029, 0.15914998274013029, 0.15914998274013029, 0.15914998274013029, 0.15914998274013029, 2.487668984780063]}