{"mean": [39.73939393939394, 0.14822204119523769, 9.077418363598484, 626.3757575757576, 152.90742310533582, 157510.79930827828, 430.03769946414235, 266.29308785728523, 204.03799944141886, 157510.79930827828, 430.03769946414235, 266.29308785728523, 204.03799944141886, -1743.769062997019, -39.00211537612528, -5.219975709524273, -2.3236899087217227, -267704.88377966924, -930.205544910932, -937.3204402058957, -791.7829882877438, 279108.9217431973, 2266.094489971478, 1752.833688511267, 1177.5053923202427, 0.6254641031109288, 1.5961245445415726, 1.297450347666342, 0.9604018974081575, 9.077418363598484, 9.077418363598484, 9.077418363598484, 9.077418363598484, 9.077418363598484], "var": [7382.459357208447, 0.07475515060188623, 0.8552004905207957, 66407.2527456382, 601478.3908219278, 71696867963.03688, 515730.84658858454, 266328.51525688445, 201274.79596766265, 71696867963.03688, 515730.84658858454, 266328.51525688445, 201274.79596766265, 115983875.79975505, 26289.84779469969, 7199.416445686078, 1036.78407126524, 207711058661.72342, 2636046.6463660332, 3319706.726319003, 1970565.1173553867, 221904459672.53732, 31942976.515437473, 12905127.834345864, 3469593.135479589, 4.462814423793234, 12.827383433925775, 8.324312673197293, 4.678385747431653, 0.8552004905207957, 0.8552004905207957, 0.8552004905207957, 0.8552004905207957, 0.8552004905207957]}