{"mean": [35.93150684931507, 0.1255811756586688, 9.129941281376956, 668.2328767123288, 93.14687441387609, 198627.42747143033, 938.5718351911462, 394.6502449800452, 295.19768966900705, 198627.42747143033, 938.5718351911462, 394.6502449800452, 295.19768966900705, -4021.9683196015594, -111.54704027109437, -19.40482029286928, -5.2975372157858835, -336998.517837822, -1427.1878242224755, -1345.9420062462464, -1090.2796683661104, 376056.14888098935, 7422.714186596086, 2733.683096383585, 1709.4841754473944, 0.3897778349757772, 1.9403768486407185, 1.6850535524196408, 0.7283478654290583, 9.124530452759622, 9.122687380263688, 9.126679473445197, 9.129202432783838, 9.132619451404551], "var": [11075.926815537627, 0.052619913440105755, 0.8938249521615734, 68045.1101519985, 9652.499178941278, 67563455432.104225, 2645024.8064064337, 383902.6902450949, 301296.8334819358, 67563455432.104225, 2645024.8064064337, 383902.6902450949, 301296.8334819358, 178395573.981417, 96994.3458938445, 8386.393804576383, 1526.5283966374932, 195440362852.6183, 3862498.4635215704, 5058019.795610794, 2502824.393816296, 213768743318.0943, 411410792.4084645, 20188090.637543205, 4784111.015862449, 0.29112390595227017, 18.235260376033278, 12.441460474339692, 1.945850637785226, 0.926855273560211, 0.9428693655542917, 0.9186949473809738, 0.9045787621658871, 0.887192113364774]}