{"mean": [39.73939393939394, 0.18769597850491473, 9.025284652061007, 626.3757575757576, 145.18875956433845, 157430.49128325158, 419.1918226256503, 257.31660185509924, 199.93136084096835, 157430.49128325158, 419.1918226256503, 257.31660185509924, 199.93136084096835, -1746.0705787135373, -37.30625008130914, -5.232562627866709, -2.9011630219889057, -267561.4922559618, -948.5518234056653, -893.873548163845, -774.9555747782794, 279018.39207238535, 2268.29477821733, 1689.786898422783, 1153.5091146411282, 1.2583772164910605, 1.537891375369736, 1.3246866730479627, 0.7584847397933103, 9.02176246319609, 9.02095638587819, 9.023673129311321, 9.02361626120291, 9.024737166562872], "var": [7382.459357208447, 0.07595422236435863, 0.9006583418030748, 66407.2527456382, 602419.7489599797, 71722142000.98987, 522803.31401658733, 269222.8279304555, 202061.69431936552, 71722142000.98987, 522803.31401658733, 269222.8279304555, 202061.69431936552, 115975849.0484565, 26361.42997301336, 7155.661650190473, 1086.3087049572084, 207787755024.9762, 2661053.79889382, 3331537.7820017324, 1988058.337528689, 221955003077.23422, 32102454.593728047, 12896011.2841528, 3509081.5057591354, 7.854850627654404, 11.20491452781672, 9.530394095727562, 2.0075099623820996, 0.922921751718891, 0.9287040534959041, 0.9127334462224684, 0.9134658569093924, 0.9074687085455887]}