AttributeNum,DiscreteRatio,JointInf,Size,Totcorr,Mean1,Mean2,Mean3,Mean4,Std1,Std2,Std3,Std4,Median1,Median2,Median3,Median4,Min1,Min2,Min3,Min4,Max1,Max2,Max3,Max4,Skew1,Skew2,Skew3,Skew4,Entropy1,Entropy2,Entropy3,Entropy4,PCAJointInf,LabelEntropy,LabelNum,C,gamma,kernel0,kernel1,kernel2,kernel3
6.0,0.16666666666666666,6.6438561897747395,100.0,17.297895726166185,29.047015701905174,0.9894863192575639,0.44667132358296086,0.22524054627038262,29.047015701905174,0.9894863192575639,0.44667132358296086,0.22524054627038262,-0.01311338311461041,0.0009560818592354368,0.03881353277916056,-0.0034824627741612208,-49.5121056950517,-2.135559489626467,-1.0965408107688892,-0.5288668578332472,49.52540416435193,2.491791431541917,1.2127847985262121,0.6087678366776591,0.00034116133627341106,0.24697053936463906,0.05610015374463021,0.214417562275406,6.6438561897747395,6.6438561897747395,6.6438561897747395,6.6438561897747395,6.6438561897747395,1.0,2.0,1.0,0.0,1.0,0.0,0.0,0.0
6.0,0.16666666666666666,6.6438561897747395,100.0,17.6857040147899,29.022023778847004,0.9030605479740196,0.3253771724182849,0.2875082581863063,29.022023778847004,0.9030605479740196,0.3253771724182849,0.2875082581863063,0.0031862355217819327,0.008095764168548897,-0.019722350194111775,-0.03191712933841195,-49.48865792931416,-2.1352131872962867,-0.6438698669257185,-0.619172875962176,49.49154952499127,2.308521794386014,0.9567965049918288,0.6997613990494214,2.7914364072175603e-05,-0.23009737157264146,0.5950596633568886,0.33132573203294235,6.6438561897747395,6.6438561897747395,6.6438561897747395,6.6438561897747395,6.6438561897747395,1.0,2.0,1.0,0.0,1.0,0.0,0.0,0.0
