{"mean": [51.333333333333336, 0.41459184937445803, 8.014612665829437, 413.6666666666667, 37.639622552482294, 106.8307633221112, 5.977331691990081, 2.063931374177399, 1.5891024841169543, 106.8307633221112, 5.977331691990081, 2.063931374177399, 1.5891024841169543, -24.47437758814903, -1.029048521125792, -0.10588962754979732, 0.1537719673078269, -159.72506524094015, -11.777543519764501, -5.3423874487004674, -4.366712217658383, 315.12818792397053, 24.243433818107334, 5.880077189573893, 4.817094543168234, 0.4756504945113171, 0.764216850035831, 0.23945429649627017, -0.21706489505866222, 7.789263903659493, 7.751277847539602, 7.852831972731572, 7.897418688917469, 7.923821329181496, 1.636821712207243, 4.0], "var": [2169.555555555555, 0.17283263219529565, 1.9074342872835537, 151322.88888888888, 710.4346130771352, 21659.893762897675, 25.761012996660398, 0.9689554583069265, 0.4710978848413756, 21659.893762897675, 25.761012996660398, 0.9689554583069265, 0.4710978848413756, 1203.0783718877303, 2.8750579307107267, 0.013675811077879614, 0.012932497342094174, 47845.45811851098, 125.18669106489754, 9.33544001396404, 3.47622915684507, 190956.59114883153, 599.8645719299252, 11.356782362696341, 4.006758698354797, 0.06624290858207821, 0.21238022974483428, 0.09867847440732208, 0.0787375406602513, 2.6203250717314064, 2.7605000584787844, 2.3986593196361454, 2.2528272415983834, 2.1702193737891378, 0.3468397441271241, 4.666666666666667]}