{"mean": [39.73939393939394, 0.18769597850491473, 9.025284652061007, 626.3757575757576, 145.18875956433848, 157430.49128326756, 419.19181512498363, 257.31695353837756, 199.9273676637977, 157430.49128326756, 419.19181512498363, 257.31695353837756, 199.9273676637977, -1746.0709958143955, -37.33467725369604, -5.520188112556419, -3.0948973788208756, -267561.4920238449, -948.5635917556359, -894.046280144529, -774.3602557222371, 279018.39265159186, 2268.266476766602, 1690.3096463429374, 1153.5214146912335, 1.2583789396484628, 1.5378719341088136, 1.322143973362666, 0.7593763792719858, 9.02176246319609, 9.021005410551565, 9.02364267213967, 9.023639002689068, 9.024737166562872, 1.2586993492132086, 4.1030303030303035], "var": [7382.459357208447, 0.07595422236435863, 0.9006583418030748, 66407.2527456382, 602419.7489599797, 71722142000.98479, 522803.2567090903, 269225.209190181, 202039.90539105327, 71722142000.98479, 522803.2567090903, 269225.209190181, 202039.90539105327, 115975847.11100978, 26359.478129870913, 7130.205233728382, 1127.5665396751008, 207787755143.60843, 2661259.4271597126, 3334474.9279042007, 1980355.9710722417, 221955002770.46567, 32101965.63208691, 12904172.45590878, 3510650.5213178406, 7.854850496804949, 11.204960209686936, 9.536994566565205, 2.0056740360058587, 0.922921751718891, 0.9286752805150763, 0.9126879441443557, 0.9134487317647988, 0.9074687085455887, 0.5618838336679912, 58.32271808999083]}
