{"mean": [12.460588304924242, 0.32215317234848484], "var": [476.98020153567603, 6.64716124570512]}